threshold,precision,recall,f1_score,total_cost,false_positives,false_negatives
0.3,0.7,1.0,0.8235294117647058,60,60,0
0.4,0.7,1.0,0.8235294117647058,60,60,0
0.5,0.700507614213198,0.9857142857142858,0.8189910979228486,69,59,2
0.6,0.6885245901639344,0.9,0.7801857585139319,127,57,14
0.7,0.6530612244897959,0.45714285714285713,0.5378151260504201,414,34,76
